,City,Cloudiness,Country,Date,Humidity,Lat,Lng,Max Temp,Wind Speed
0,Souris,40,CA,1617938443,75,49.6172,-100.2612,45.0,9.22
1,Norman,1,US,1617938444,36,35.2226,-97.4395,66.99,10.36
2,Maragogi,89,BR,1617938444,74,-9.0122,-35.2225,79.57,8.97
3,Aykhal,98,RU,1617938445,90,66.0,111.5,2.48,23.73
4,Christchurch,100,NZ,1617938445,56,-43.5333,172.6333,68.0,9.22
5,Kingaroy,40,AU,1617938445,39,-26.5333,151.8333,80.6,12.66
6,Ushuaia,20,AR,1617938346,61,-54.8,-68.3,42.8,11.5
7,Newcastle,0,AU,1617938446,47,-32.9272,151.7765,84.0,16.11
8,Thompson,75,CA,1617938446,49,55.7435,-97.8558,42.8,5.75
9,Port,100,CD,1617938447,84,-7.0349,29.7638,70.66,6.33
10,Ancud,90,CL,1617938447,100,-41.8697,-73.8203,52.0,4.61
11,Atuona,0,PF,1617938448,73,-9.8,-139.0333,81.19,15.68
12,Biak,100,ID,1617938448,81,-0.9131,122.8766,79.61,1.95
13,Busselton,0,AU,1617938448,56,-33.65,115.3333,68.0,4.0
14,Mataura,0,NZ,1617938449,39,-46.1927,168.8643,67.24,1.61
15,Chokurdakh,100,RU,1617938449,88,70.6333,147.9167,1.11,9.78
16,Constitución,4,CL,1617938450,93,-35.3333,-72.4167,54.55,7.11
17,Esperance,90,AU,1617938450,68,-33.8667,121.9,66.2,13.8
18,Cherskiy,100,RU,1617938451,66,68.75,161.3,15.28,5.64
19,Lukulu,2,ZM,1617938451,73,-14.3707,23.242,59.41,4.38
20,Campbell,99,US,1617938271,97,38.9501,-84.3833,60.01,5.28
21,Pangody,100,RU,1617938452,94,65.85,74.4859,26.51,8.86
22,Kaitangata,0,NZ,1617938452,85,-46.2817,169.8464,57.99,5.99
23,Ormara,1,PK,1617938453,52,25.2088,64.6357,80.13,7.43
24,Sao,7,IN,1617938453,21,20.5113,76.2129,84.81,13.62
25,Grindavik,20,IS,1617938262,58,63.8424,-22.4338,23.0,12.66
26,Paka,40,MY,1617938454,66,4.6374,103.4368,87.8,2.3
27,Punta,89,PH,1617938454,65,8.9897,125.34,84.36,5.79
28,Vaini,40,TO,1617938455,78,-21.2,-175.2,78.8,9.22
29,Port,100,CD,1617938455,84,-7.0349,29.7638,70.66,6.33
30,Rikitea,98,PF,1617938456,66,-23.1203,-134.9692,76.91,5.84
31,Bonavista,100,CA,1617938456,100,48.6499,-53.1147,37.4,6.91
32,Antofagasta,90,CL,1617938251,88,-23.65,-70.4,62.6,16.11
33,Ahipara,100,NZ,1617938457,91,-35.1667,173.1667,63.27,12.24
34,Lüderitz,0,NA,1617938457,52,-26.6481,15.1594,72.21,8.41
35,Lorengau,100,PG,1617938458,88,-2.0226,147.2712,80.15,10.49
36,Kapaa,40,US,1617938217,61,22.0752,-159.319,77.0,17.27
37,Golden,40,US,1617938458,20,39.7555,-105.2211,59.0,11.5
38,Khatanga,100,RU,1617938459,89,71.9667,102.5,-0.76,6.29
39,Dikson,100,RU,1617938459,75,73.5069,80.5464,6.87,11.72
40,East,75,IS,1617938460,68,65.0,-15.0,21.2,9.22
41,Alta,20,NO,1617938460,79,69.9689,23.2717,12.2,5.75
42,Nikolskoye,0,RU,1617938460,80,59.7035,30.7861,32.0,6.71
43,Qaqortoq,75,GL,1617938461,75,60.7167,-46.0333,33.8,2.3
44,Porterville,1,US,1617938461,39,36.0652,-119.0168,64.4,4.61
45,Sheridan,90,US,1617938462,87,44.8333,-106.9173,36.0,14.97
46,Cabo,40,BR,1617938462,69,-8.2833,-35.0333,80.6,10.36
47,Egvekinot,80,RU,1617938463,92,66.3167,-179.1667,-4.5,3.67
48,Jamestown,75,US,1617938245,51,42.097,-79.2353,62.6,9.22
49,Pangnirtung,90,CA,1617938463,93,66.1451,-65.7125,21.2,7.0
50,Namatanai,100,PG,1617938464,84,-3.6667,152.4333,80.02,12.97
51,Barrow,1,US,1617938464,64,71.2906,-156.7887,-11.2,10.36
52,Carnarvon,90,AU,1617938224,42,-24.8667,113.6333,86.0,10.36
53,Ribeira,100,ES,1617938465,93,42.7461,-8.4439,48.2,4.61
54,Marquette,100,US,1617938465,95,46.5333,-87.6335,53.01,8.23
55,Yantal',100,RU,1617938465,89,56.8471,105.2542,33.4,9.93
56,Bluff,0,NZ,1617938466,61,-46.6,168.3333,57.45,0.72
57,Ekhabi,65,RU,1617938466,66,53.5102,142.9671,27.09,16.53
58,Albany,20,US,1617938467,51,42.6001,-73.9662,60.8,13.8
59,Ciechocinek,23,PL,1617938467,90,52.8791,18.7951,30.99,1.01
60,Ponta,29,PT,1617938467,87,38.7333,-28.2667,54.48,10.38
61,Kavaratti,57,IN,1617938355,64,10.5669,72.642,83.44,8.25
62,Kasangulu,20,CD,1617938468,88,-4.5911,15.1708,77.0,3.44
63,Tuktoyaktuk,90,CA,1617938468,77,69.4541,-133.0374,-5.8,9.22
64,Iqaluit,90,CA,1617938469,86,63.7506,-68.5145,19.4,5.75
65,Tiksi,100,RU,1617938469,99,71.6872,128.8694,-4.36,9.57
66,Kirakira,100,SB,1617938470,83,-10.4544,161.9205,79.38,9.48
67,Bathsheba,75,BB,1617938470,69,13.2167,-59.5167,78.8,13.8
68,Vila,0,PT,1617938470,87,42.0304,-8.1588,54.0,5.75
69,Cidreira,100,BR,1617938471,80,-30.1811,-50.2056,73.56,19.93
70,Cape,40,CL,1617938471,100,-36.413,-71.9028,55.0,3.44
71,Tecate,30,MX,1617938428,71,32.5667,-116.6333,60.01,4.7
72,Provideniya,0,RU,1617938472,61,64.3833,-173.3,6.8,3.8
73,Hirara,75,JP,1617938472,57,24.8,125.2833,77.0,9.22
74,Distrikt Brokopondo,100,SR,1617938473,91,4.75,-55.1667,76.39,6.58
75,Khovd,2,MN,1617938474,29,48.0056,91.6419,45.46,3.83
76,Riberalta,99,BO,1617938474,97,-10.9833,-66.1,73.72,2.24
77,Shakawe,0,BW,1617938475,55,-18.3667,21.85,61.43,5.48
78,Flin,0,FR,1617938475,74,48.4982,6.6557,32.0,2.3
79,Ati,54,TD,1617938476,8,13.2154,18.3353,81.86,11.63
80,Pisco,0,PE,1617938476,77,-13.7,-76.2167,68.0,10.36
81,Tasiilaq,100,GL,1617938476,62,65.6145,-37.6368,17.6,6.91
82,Castro,77,BR,1617938477,91,-24.7911,-50.0119,59.97,10.65
83,Ilulissat,90,GL,1617938477,93,69.2167,-51.1,32.0,6.91
84,Mandurah,0,AU,1617938478,61,-32.55,115.7,73.0,1.99
85,Starkville,1,US,1617938274,88,33.4504,-88.8184,63.0,3.44
86,Mehamn,40,NO,1617938478,69,71.0357,27.8492,33.8,13.8
87,Whyalla,90,AU,1617938479,68,-33.0333,137.5833,69.8,13.8
88,Port,100,CD,1617938447,84,-7.0349,29.7638,70.66,6.33
89,Ejido,100,VE,1617938479,91,8.5514,-71.2375,69.04,4.59
90,Vao,100,NC,1617938480,88,-22.6667,167.4833,75.4,24.52
91,Hermanus,37,ZA,1617938480,86,-34.4187,19.2345,61.0,7.0
92,Caravelas,64,BR,1617938481,79,-17.7125,-39.2481,74.84,11.7
93,Arkhangelsk,90,RU,1617938481,93,64.5401,40.5433,33.8,13.42
94,Chicama,88,PE,1617938481,85,-7.8447,-79.1469,70.54,6.46
95,Madang,100,PG,1617938482,61,-5.2246,145.7966,86.72,5.93
96,Banepā,20,NP,1617938482,55,27.6298,85.5214,66.2,3.44
97,San,23,ML,1617938423,9,13.3034,-4.8956,84.67,9.08
98,Bidhūna,0,IN,1617938483,10,26.8022,79.5088,88.39,9.01
99,Calbuco,75,CL,1617938483,100,-41.768,-73.1273,50.0,4.61
100,El Puerto de Santa María,40,ES,1617938484,72,36.5939,-6.233,57.99,12.66
101,Riyadh,0,SA,1617938484,16,24.6877,46.7219,75.2,5.75
102,Juruti,100,BR,1617938484,79,-2.1522,-56.0922,77.54,4.25
103,Novonukutskiy,100,RU,1617938485,82,53.7002,102.7117,36.23,6.13
104,Hobart,40,AU,1617938485,44,-42.8794,147.3294,59.0,19.57
105,Butaritari,55,KI,1617938486,80,3.0707,172.7902,81.77,15.79
106,Pandan,64,PH,1617938486,64,14.0453,124.1694,83.08,10.69
107,Sistranda,75,NO,1617938487,100,63.7256,8.834,32.0,5.75
108,Atagay,100,RU,1617938487,83,55.1033,99.3875,32.86,6.02
109,Inuvik,100,CA,1617938487,71,68.3499,-133.7218,-7.6,11.5
110,Karlstad,75,SE,1617938488,100,59.3793,13.5036,39.2,23.02
111,Praia,0,CV,1617938488,68,14.9215,-23.5087,69.8,16.11
112,Carutapera,93,BR,1617938489,93,-1.195,-46.02,76.59,6.91
113,Baykit,96,RU,1617938489,66,61.67,96.37,24.4,3.96
114,Chumikan,87,RU,1617938489,82,54.7183,135.315,29.75,13.82
115,Aripuanã,96,BR,1617938490,98,-9.1667,-60.6333,72.68,1.74
116,Chui,96,UY,1617938490,80,-33.6971,-53.4616,70.11,9.31
117,Aklavik,100,CA,1617938491,71,68.2191,-135.0107,-7.6,11.5
118,Mys,99,RU,1617938491,94,62.0589,48.6201,34.34,13.82
119,Pringsewu,87,ID,1617938491,65,-5.3582,104.9744,85.64,3.27
120,Kahului,40,US,1617938443,60,20.8947,-156.47,75.2,20.71
121,Gorin,80,RU,1617938492,60,51.1983,136.6669,37.2,6.6
122,Coahuayana Viejo,71,MX,1617938493,83,18.7333,-103.6833,69.96,0.67
123,Maniitsoq,100,GL,1617938493,97,65.4167,-52.9,31.55,33.31
124,Westport,1,US,1617938288,87,41.1415,-73.3579,48.99,6.91
125,Hilo,90,US,1617938494,78,19.7297,-155.09,71.6,5.75
126,Ambulu,23,ID,1617938494,62,-8.345,113.6058,86.43,2.82
127,Souillac,40,MU,1617938495,78,-20.5167,57.5167,78.8,8.05
128,Severo-Kuril'sk,100,RU,1617938495,97,50.6789,156.125,32.29,13.18
129,Coquimbo,0,CL,1617938496,88,-29.9533,-71.3436,57.2,4.61
130,Bocana,72,PH,1617938496,66,10.0116,122.7217,84.06,9.95
131,Mount,100,GB,1617938497,87,53.6597,-1.8537,39.99,3.0
132,Labuhan,88,ID,1617938497,73,-6.8844,112.2051,84.56,7.18
133,Swellendam,31,ZA,1617938497,94,-34.0226,20.4417,53.6,1.14
134,Hong Kong,100,HK,1617938350,84,22.2855,114.1577,70.0,5.01
135,Naryan-Mar,100,RU,1617938498,96,67.6713,53.087,37.71,27.16
136,Esso,100,RU,1617938498,85,55.9333,158.7,25.84,19.19
137,Ixtapa,1,MX,1617938499,83,20.7,-105.2,75.2,2.59
138,Orchard,100,CA,1617938499,71,43.4045,-79.7943,53.01,2.3
139,Upernavik,100,GL,1617938500,70,72.7868,-56.1549,26.76,6.49
140,Arraial,0,BR,1617938500,82,-22.8362,-46.646,66.99,14.97
141,Eyl,7,SO,1617938501,66,7.9803,49.8164,74.23,2.21
142,Saint Paul Harbor,1,US,1617938501,30,57.79,-152.4072,24.8,28.77
143,Shubarshi,48,KZ,1617938501,74,48.5872,57.1869,43.21,10.49
144,Hue,20,VN,1617938502,62,16.4667,107.6,86.0,5.75
145,Nur-Sultan,0,KZ,1617938503,87,51.1801,71.446,39.2,2.24
146,Bandarbeyla,13,SO,1617938503,62,9.4942,50.8122,74.68,2.55
147,Mitsamiouli,39,KM,1617938503,74,-11.3847,43.2844,81.55,5.01
148,Breytovo,80,RU,1617938504,91,58.2993,37.8617,28.47,9.13
149,Williams Lake,90,CA,1617938504,60,52.1415,-122.1445,35.6,10.36
150,Argayash,20,RU,1617938505,93,55.4888,60.8767,37.4,4.47
151,Kruisfontein,33,ZA,1617938505,93,-34.0033,24.7314,61.0,1.01
152,George Town,20,MY,1617938506,74,5.4112,100.3354,87.8,2.3
153,Shumskiy,100,RU,1617938506,81,54.8318,99.1328,34.21,6.04
154,Oistins,75,BB,1617938385,69,13.0667,-59.5333,78.8,13.8
155,Longyearbyen,72,SJ,1617938507,69,78.2186,15.6401,28.4,12.66
156,Lagoa,14,PT,1617938508,86,39.05,-27.9833,58.89,11.36
157,Tual,99,ID,1617938508,70,-5.6667,132.75,83.66,5.99
158,Qaanaaq,100,GL,1617938508,68,77.484,-69.3632,8.98,5.97
159,Mariehamn,90,AX,1617938360,93,60.0973,19.9348,35.6,25.32
160,Port,100,CD,1617938509,84,-7.0349,29.7638,70.66,6.33
161,Oktyabr'skoye,100,RU,1617938509,82,43.0645,44.7417,51.8,8.95
162,Savinka,100,RU,1617938510,92,50.0785,47.0994,45.0,17.92
163,Ţahţā,0,EG,1617938510,42,26.7693,31.5021,66.2,6.91
164,Iwaki,37,JP,1617938511,42,37.05,140.8833,55.0,5.99
165,Torbay,90,CA,1617938511,100,47.6666,-52.7314,41.0,13.8
166,Touros,20,BR,1617938511,94,-5.1989,-35.4608,75.2,3.44
167,Talnakh,66,RU,1617938512,88,69.4865,88.3972,16.56,5.53
168,Tarko-Sale,100,RU,1617938461,90,64.9225,77.785,30.25,5.99
169,Airai,57,TL,1617938512,59,-8.9266,125.4092,73.96,2.53
170,Saint-Philippe,0,RE,1617938513,73,-21.3585,55.7679,77.0,5.75
171,Taoudenni,1,ML,1617938513,11,22.6783,-3.9836,79.68,9.04
172,Phan,20,TH,1617938514,83,19.5539,99.7405,82.0,3.44
173,New,85,LR,1617938515,95,6.6518,-10.5932,76.33,1.45
174,Bredasdorp,19,ZA,1617938515,94,-34.5322,20.0403,53.6,1.14
175,Port,100,CD,1617938447,84,-7.0349,29.7638,70.66,6.33
176,Kalmunai,3,LK,1617938516,71,7.4167,81.8167,81.9,3.56
177,Hithadhoo,12,MV,1617938516,67,-0.6,73.0833,82.36,10.74
178,Hualmay,100,PE,1617938517,87,-11.0964,-77.6139,69.3,6.02
179,Manado,40,ID,1617938278,62,1.487,124.8455,89.6,5.75
180,Caconde,0,BR,1617938517,88,-21.5294,-46.6439,58.48,6.31
181,Mount,100,GB,1617938518,87,53.6597,-1.8537,39.99,3.0
182,Anadyr,0,RU,1617938518,71,64.75,177.4833,-2.0,4.47
183,Ekuvukeni,8,ZA,1617938519,87,-28.4675,30.1551,57.04,2.28
184,Dauphin,1,CA,1617938519,70,51.1494,-100.0502,44.6,8.05
185,Nizhniy,90,RU,1617938519,93,45.3926,39.2364,39.0,13.42
186,Portland,92,US,1617938289,51,45.5234,-122.6762,51.01,1.01
187,Pemberton,73,CA,1617938520,61,50.3164,-122.8027,44.6,2.3
188,Iquitos,0,PE,1617938520,94,-3.7481,-73.2472,77.0,1.66
189,Vega,1,US,1617938521,28,35.2428,-102.4283,66.0,5.75
190,Manitouwadge,100,CA,1617938521,93,49.1215,-85.8403,44.6,8.05
191,Fairbanks,90,US,1617938522,61,64.8378,-147.7164,6.01,21.85
192,Yellowknife,20,CA,1617938522,66,62.456,-114.3525,5.0,3.44
193,Fallon,20,US,1617938523,18,39.4735,-118.7774,55.4,10.36
194,Rauma,0,FI,1617938523,86,61.1272,21.5113,33.8,9.22
195,Nadym,100,RU,1617938523,91,65.5333,72.5167,31.44,12.84
196,Korla,20,CN,1617938524,40,41.7597,86.1469,57.36,3.24
197,Joensuu,0,FI,1617938525,86,62.6012,29.7632,23.0,1.14
198,Mar,66,ES,1617938525,66,43.4002,-4.0094,53.01,3.44
199,Antalaha,11,MG,1617938525,87,-14.9003,50.2788,73.98,5.82
200,Nanortalik,100,GL,1617938526,81,60.1432,-45.2371,35.22,11.97
201,Shingū,75,JP,1617938526,29,33.7333,135.9833,64.4,14.97
202,Zigong,100,CN,1617938527,76,29.3416,104.7769,63.97,3.18
203,El Puerto de Santa María,40,ES,1617938484,72,36.5939,-6.233,57.99,12.66
204,San,23,ML,1617938527,9,13.3034,-4.8956,84.67,9.08
205,Nome,1,US,1617938528,55,64.5011,-165.4064,1.4,10.36
206,Ishcherskaya,0,RU,1617938528,87,43.7153,45.1264,53.6,11.18
207,Khanpur,6,PK,1617938529,14,28.6453,70.6567,81.52,7.99
208,Inhambane,6,MZ,1617938468,85,-23.865,35.3833,71.04,6.13
209,Hastings,100,GB,1617938529,87,50.8552,0.5729,41.0,3.0
210,Hudiksvall,100,SE,1617938530,97,61.729,17.1036,32.99,13.44
211,Sioux,90,US,1617938530,100,42.7333,-96.2336,45.0,11.5
212,Napa,16,US,1617938504,65,38.4832,-122.3344,57.99,3.78
213,Narsaq,75,GL,1617938531,75,60.9167,-46.05,33.8,2.3
214,Mahajanga,20,MG,1617938531,94,-15.7167,46.3167,75.2,7.2
215,Isangel,75,VU,1617938532,74,-19.55,169.2667,86.0,5.75
216,Buin,0,CL,1617938532,51,-33.7333,-70.75,61.0,4.61
217,Kaoma,3,ZM,1617938532,84,-14.7833,24.8,55.8,5.19
218,Sao,7,IN,1617938533,21,20.5113,76.2129,84.81,13.62
219,Armidale,38,AU,1617938533,61,-30.5167,151.65,69.01,8.01
220,College,75,US,1617938534,51,64.8569,-147.8028,6.01,18.41
221,Margate,100,GB,1617938534,79,51.3813,1.3862,41.0,4.0
222,San,23,ML,1617938527,9,13.3034,-4.8956,84.67,9.08
223,Russell,1,US,1617938535,82,32.3502,-85.1999,69.8,3.44
224,Bambari,100,CF,1617938535,85,5.768,20.6757,73.81,2.01
225,Gaoua,16,BF,1617938536,43,10.2992,-3.2508,79.5,5.53
226,Araouane,0,ML,1617938537,13,18.9048,-3.5265,81.3,8.37
227,Pevek,14,RU,1617938537,84,69.7008,170.3133,-3.32,2.06
228,Piaçabuçu,98,BR,1617938537,73,-10.4056,-36.4344,77.68,7.09
229,Saskylakh,100,RU,1617938538,98,71.9167,114.0833,-5.78,8.28
230,Husavik,90,IS,1617938538,46,66.0449,-17.3389,24.8,9.22
231,Oodweyne,4,SO,1617938539,49,9.4092,45.064,64.72,7.29
232,Hofn,100,IS,1617938539,51,64.2539,-15.2082,25.68,16.75
233,Saldanha,100,ZA,1617938539,88,-33.0117,17.9442,59.0,3.44
234,Sitka,90,US,1617938540,81,57.0531,-135.33,37.4,14.97
235,Ponta,29,PT,1617938540,87,38.7333,-28.2667,54.48,10.38
236,Xicoténcatl,100,MX,1617938541,84,23.0167,-98.8833,78.01,13.0
237,Amarante,98,BR,1617938541,84,-6.2411,-42.8547,74.07,2.8
238,Arrondissement de Bastia,0,FR,1617938542,75,42.6667,9.3333,50.0,4.61
239,Zeya,18,RU,1617938542,75,53.75,127.2667,32.76,3.67
240,Darnah,6,LY,1617938543,66,32.767,22.6367,55.98,19.46
241,Peniche,94,PT,1617938543,86,39.3558,-9.3811,59.0,1.01
242,Praia,0,CV,1617938544,68,14.9215,-23.5087,69.8,16.11
243,Wairoa,100,NZ,1617938544,56,-39.0333,177.3667,73.0,4.0
244,Bethel,6,US,1617938541,81,41.3712,-73.414,51.01,4.03
245,Altenholz,90,DE,1617938545,65,54.4,10.1333,42.01,22.57
246,Avarua,75,CK,1617938545,78,-21.2078,-159.775,82.4,6.91
247,Fort-Shevchenko,0,KZ,1617938545,45,44.5086,50.263,60.91,20.45
248,Tramore,100,IE,1617938546,84,52.1624,-7.1524,44.01,1.01
249,Bonthe,55,SL,1617938546,88,7.5264,-12.505,79.29,4.18
250,Shivrājpur,0,IN,1617938547,61,22.4167,73.65,82.4,5.75
251,Sulangan,99,PH,1617938547,69,11.1373,123.7228,81.61,8.08
252,Guerrero,1,MX,1617938548,70,17.6667,-100.0,69.48,6.11
253,Prymors'k,100,UA,1617938548,52,46.7348,36.3443,40.5,12.8
254,Santo,99,EC,1617938549,97,-0.5854,-80.0049,71.08,2.37
255,Comodoro,59,BR,1617938549,97,-13.6631,-59.7858,68.2,3.76
256,Pontiac,90,US,1617938518,94,42.6389,-83.2911,57.2,10.36
257,Johi,4,PK,1617938550,14,26.6921,67.6133,84.78,5.44
258,Gorom-Gorom,8,BF,1617938550,9,14.4439,-0.2361,81.46,10.67
259,Meulaboh,90,ID,1617938550,73,4.1363,96.1285,83.08,2.48
260,Polovinnoye,100,RU,1617938551,99,54.7914,65.9864,32.68,4.74
261,Takhtamygda,46,RU,1617938551,62,54.1,123.5667,37.87,5.66
262,Parbatipur,15,BD,1617938552,63,25.6649,88.9247,84.24,9.82
263,Kidal,0,ML,1617938552,12,18.4411,1.4078,80.17,10.87
264,Guarda,96,PT,1617938553,93,40.5373,-7.2658,53.01,1.01
265,Yulara,0,AU,1617938553,14,-25.2406,130.9889,91.4,5.75
266,Lesogorskiy,6,RU,1617938554,84,61.0455,28.9294,25.0,4.43
267,Parkes,82,AU,1617938554,28,-33.1333,148.1833,77.52,12.62
268,El Puerto de Santa María,40,ES,1617938388,72,36.5939,-6.233,57.99,12.66
269,Mahibadhoo,10,MV,1617938555,74,3.7833,72.9667,82.13,9.57
270,Letka,100,RU,1617938556,88,59.6011,49.4232,33.44,12.5
271,Pacific,100,US,1617938556,95,38.482,-90.7415,50.0,6.58
272,Lokosovo,99,RU,1617938556,85,61.1333,74.8167,34.68,7.7
273,Sangar,100,RU,1617938557,92,63.9242,127.4739,25.11,14.2
274,Lebu,18,CL,1617938557,89,-37.6167,-73.65,52.7,3.27
275,Grand,1,US,1617938558,10,38.8755,-109.5012,61.0,16.11
276,Chachoengsao,99,TH,1617938558,50,13.6167,101.4167,81.0,3.94
277,Kodinsk,99,RU,1617938558,62,58.6881,99.1844,29.95,9.15
278,Karratha,100,AU,1617938559,65,-20.7377,116.8463,84.25,14.79
279,Tuatapere,0,NZ,1617938559,47,-46.1333,167.6833,65.14,1.61
280,Dicabisagan,93,PH,1617938560,82,17.0818,122.4157,76.8,6.55
281,Cockburn,100,AU,1617938560,49,-32.0833,141.0,73.4,16.11
282,Mnogovershinnyy,81,RU,1617938561,84,53.9353,139.9242,24.78,4.25
283,Kavieng,98,PG,1617938561,78,-2.5744,150.7967,80.92,11.07
284,Grand,1,US,1617938561,10,38.8755,-109.5012,61.0,16.11
285,Wanning,30,CN,1617938562,71,18.8003,110.3967,79.88,8.14
286,Cabedelo,0,BR,1617938562,94,-6.9811,-34.8339,77.0,5.75
287,Guéret,0,FR,1617938563,57,46.1667,1.8667,44.6,6.91
288,Manaure,100,CO,1617938563,75,11.7751,-72.4445,80.24,17.92
289,Oussouye,38,SN,1617938564,68,12.485,-16.5469,71.69,9.24
290,Mahébourg,40,MU,1617938564,78,-20.4081,57.7,78.8,8.05
291,Morris,53,US,1617938564,75,40.8334,-74.5329,55.0,5.26
292,Srednekolymsk,100,RU,1617938565,86,67.45,153.6833,17.64,5.95
293,Rockport,20,US,1617938460,94,28.0206,-97.0544,73.4,14.97
294,Daund,9,IN,1617938566,36,18.4667,74.6,83.37,5.12
295,Causapscal,99,CA,1617938566,12,48.3542,-67.227,34.0,2.62
296,Tessalit,0,ML,1617938566,12,20.1986,1.0114,79.11,7.23
297,Nichinan,75,JP,1617938567,42,31.6,131.3667,64.4,10.36
298,Yokadouma,96,CM,1617938567,99,3.5167,15.05,67.98,2.28
299,Gijang,75,KR,1617938568,45,35.2442,129.2139,62.6,14.97
300,Lovozero,100,RU,1617938568,88,68.005,35.0117,26.74,16.84
301,Yumen,86,CN,1617938569,34,40.2833,97.2,54.88,11.21
302,Conde,0,BR,1617938569,94,-7.2597,-34.9075,77.0,5.75
303,Dingle,100,PH,1617938569,57,10.9995,122.6711,86.97,9.37
304,Klaksvík,75,FO,1617938570,69,62.2266,-6.589,30.2,31.07
305,Petropavlovsk-Kamchatskiy,75,RU,1617938570,52,53.0452,158.6483,39.2,8.95
306,Ust'-Kut,100,RU,1617938571,90,56.7938,105.7672,34.0,9.15
307,Kosh-Agach,60,RU,1617938571,62,50.0,88.6667,30.06,2.26
308,Cuiluan,0,CN,1617938571,30,47.72,128.648,46.72,4.54
309,Wagar,14,SD,1617938572,44,16.1525,36.2032,82.38,7.14
310,Maumee,90,US,1617938572,77,41.5628,-83.6538,62.6,9.22
311,Clyde,100,US,1617938573,83,41.3042,-82.9752,62.01,14.61
312,Pedasí,100,PA,1617938573,86,7.5333,-80.0333,77.63,5.08
313,Mountain,100,CO,1617938573,78,13.3667,-81.3667,80.08,15.1
314,Loukhi,48,RU,1617938574,77,66.0764,33.0381,27.93,10.6
315,Rocha,97,UY,1617938574,93,-34.4833,-54.3333,67.42,6.98
316,Tanout,5,NE,1617938575,7,14.9709,8.8879,79.18,11.61
317,San,23,ML,1617938527,9,13.3034,-4.8956,84.67,9.08
318,Havøysund,75,NO,1617938575,86,70.9963,24.6622,23.0,1.14
319,Helong,0,CN,1617938576,22,42.5397,128.9972,45.55,5.93
320,Hauterive,0,FR,1617938577,61,46.0901,3.4459,44.6,16.11
321,Wittlich,100,DE,1617938577,64,49.9833,6.8833,33.8,6.91
322,Bougouni,2,ML,1617938577,12,11.417,-7.479,80.71,2.42
323,Lampazos,48,MX,1617938578,54,24.9001,-99.5436,79.03,16.53
324,Kamenka,99,RU,1617938578,78,51.3223,42.7678,37.0,6.98
325,Auki,100,SB,1617938579,86,-8.7676,160.7034,76.05,3.96
326,Ayagoz,95,KZ,1617938579,48,47.9714,80.4392,51.35,6.29
327,Paragominas,96,BR,1617938580,97,-2.9667,-47.4833,72.28,2.75
328,Haapiti,40,PF,1617938580,70,-17.5667,-149.8667,84.2,10.36
329,Kanniyākumāri,37,IN,1617938580,72,8.0833,77.5667,82.65,5.35
330,Tabas,12,IR,1617938581,15,33.5959,56.9244,72.0,0.83
331,Vanavara,81,RU,1617938581,69,60.34,102.2797,19.69,8.5
332,Ardeşen,75,TR,1617938582,93,41.1911,40.9875,50.0,11.5
333,Price,1,US,1617938582,19,39.5994,-110.8107,53.6,8.05
334,Nova,79,BR,1617938583,78,-5.5279,-46.7049,72.72,3.91
335,Tura,1,IN,1617938583,62,25.5198,90.2201,81.09,5.59
336,Clearwater,1,US,1617938584,77,27.9659,-82.8001,71.01,7.29
337,Kumul,100,CN,1617938347,24,42.8,93.45,62.58,5.82
338,Cesenatico,0,IT,1617938585,93,44.1999,12.3991,45.0,3.44
339,Lodja,100,CD,1617938585,98,-3.4833,23.4333,66.88,1.74
340,Turbat,11,PK,1617938330,19,26.0023,63.044,80.38,1.9
341,Sobolevo,11,RU,1617938586,92,54.4299,31.8996,28.76,5.64
342,Nacogdoches,1,US,1617938586,43,31.6002,-94.6335,73.99,6.91
343,Bossangoa,46,CF,1617938587,72,6.4926,17.4552,74.59,7.2
344,Geraldton,97,AU,1617938587,37,-28.7667,114.6,84.2,18.41
345,Atambua,73,ID,1617938461,66,-9.1061,124.8925,82.24,1.61
346,Lázaro,100,DO,1617938588,85,19.4558,-71.3261,70.0,3.0
347,Borgarnes,2,IS,1617938588,64,64.5383,-21.9206,19.0,1.99
348,Ebersberg,37,DE,1617938588,84,48.0771,11.9706,30.0,1.99
349,Santa,12,PH,1617938589,47,17.486,120.4348,89.08,7.99
350,Cooma,40,AU,1617938590,59,-36.2333,149.1333,64.4,17.27
351,Mossamedes,66,AO,1617938590,68,-15.1961,12.1522,79.54,3.65
352,Rock,40,US,1617938590,100,42.6667,-89.0668,46.99,6.91
353,Senador,100,HT,1617938591,83,18.8188,-71.9016,77.0,5.75
354,Beira,100,MZ,1617938591,76,-19.8436,34.8389,75.16,5.86
355,Nyurba,100,RU,1617938592,85,63.2842,118.3319,19.35,8.43
356,Novopavlovka,100,RU,1617938592,69,51.2172,109.2091,40.15,8.97
357,North,75,FR,1617938592,75,50.3333,3.6667,39.99,4.61
358,Whitianga,100,NZ,1617938593,84,-36.8333,175.7,66.99,7.0
359,Coyhaique,94,CL,1617938593,95,-45.5752,-72.0662,45.99,3.24
360,Ryabovo,0,RU,1617938594,80,59.4,31.1333,28.4,6.71
361,Chaohu,0,CN,1617938594,24,31.6,117.8667,66.2,13.42
362,Ozieri,0,IT,1617938480,93,40.586,9.0012,33.8,3.83
363,Vila,0,PT,1617938470,87,42.0304,-8.1588,54.0,5.75
364,Vyazemskiy,100,RU,1617938595,41,47.5378,134.7525,41.16,10.09
365,Paraná,68,AR,1617938356,79,-31.732,-60.5238,79.0,3.0
366,Catió,4,GW,1617938596,73,11.2833,-15.25,74.59,6.22
367,Surazh,12,RU,1617938596,94,53.0175,32.3918,30.09,5.86
368,Moerai,100,PF,1617938597,68,-22.4333,-151.3333,78.44,12.15
369,Jacareacanga,55,BR,1617938597,88,-6.2222,-57.7528,75.49,0.98
370,Raudeberg,89,NO,1617938598,91,61.9875,5.1352,36.0,15.97
371,Mercedes,99,AR,1617938598,99,-34.6515,-59.4307,66.99,1.99
372,Vestmannaeyjar,0,IS,1617938598,67,63.4427,-20.2734,24.64,24.72
373,Lahat,19,ID,1617938599,61,-3.8,103.5333,85.75,3.94
374,Dunedin,0,NZ,1617938599,68,-45.8742,170.5036,63.0,1.99
375,Iglino,90,RU,1617938600,93,54.8324,56.4126,39.2,4.47
376,Hambantota,3,LK,1617938600,89,6.1241,81.1185,82.4,2.3
377,Mount Abu,0,IN,1617938601,8,24.6,72.7,76.42,4.54
378,North,75,FR,1617938387,75,50.3333,3.6667,39.99,4.61
379,Ambilobe,24,MG,1617938528,94,-13.2,49.05,71.4,2.98
380,Ucluelet,52,CA,1617938602,72,48.9329,-125.5528,44.01,1.99
381,Malbork,75,PL,1617938602,70,54.0359,19.0266,36.0,13.53
382,Zhangye,100,CN,1617938603,84,38.9342,100.4517,42.55,15.3
383,Tomatlán,7,MX,1617938603,88,19.9333,-105.25,67.15,1.05
384,Vad,81,RU,1617938603,87,55.5301,44.2114,29.89,6.22
385,Haputale,1,LK,1617938604,89,6.7681,80.9595,82.4,2.3
386,Kafanchan,30,NG,1617938604,55,9.5833,8.3,74.89,2.3
387,Cabatuan,99,PH,1617938605,55,10.8794,122.486,87.73,9.37
388,Coronel,75,CL,1617938605,100,-37.0167,-73.1333,55.4,3.44
389,Zhigansk,100,RU,1617938606,80,66.7697,123.3711,11.26,19.84
390,Iskateley,100,RU,1617938606,96,67.6803,53.1512,37.6,27.27
391,Lavrentiya,6,RU,1617938606,85,65.5833,-171.0,-3.37,2.68
392,Copiapó,90,CL,1617938607,88,-27.3667,-70.3333,59.0,3.44
393,Luganville,82,VU,1617938607,67,-15.5333,167.1667,86.5,9.66
394,Kalundborg,100,DK,1617938608,89,55.6795,11.0886,41.0,23.0
395,Faya,0,SA,1617938608,51,18.3851,42.4509,62.6,4.61
396,Xai-Xai,0,MZ,1617938609,86,-25.0519,33.6442,69.51,2.3
397,Sept-Îles,75,CA,1617938338,93,50.2001,-66.3821,37.99,2.3
398,Erenhot,0,CN,1617938609,21,43.6475,111.9767,55.24,7.9
399,Mehrān,26,IR,1617938610,50,33.1222,46.1646,53.6,4.61
400,Severodvinsk,90,RU,1617938610,93,64.5635,39.8302,33.8,13.42
401,Gizo Government Station,100,SB,1617938610,81,-8.103,156.8419,81.55,16.73
402,Denpasar,20,ID,1617938412,62,-8.65,115.2167,87.8,2.3
403,Itoman,75,JP,1617938611,50,26.1247,127.6694,78.8,6.91
404,Sheffield,100,GB,1617938567,86,53.383,-1.4659,42.01,8.75
405,Kazachinskoye,100,RU,1617938612,85,57.6953,93.2761,36.3,4.72
406,Sola,75,VU,1617938612,74,-13.8833,167.55,87.8,4.61
407,Grand-Lahou,93,CI,1617938613,84,5.1367,-5.0242,78.76,7.56
408,San,23,ML,1617938527,9,13.3034,-4.8956,84.67,9.08
409,Katiola,100,CI,1617938461,88,8.1333,-5.1,75.2,9.22
410,Bilgrām,0,IN,1617938614,10,27.1833,80.0333,88.92,7.63
411,Armação,20,BR,1617938614,94,-27.7496,-48.5071,69.8,4.61
412,Skellefteå,75,SE,1617938615,86,64.7507,20.9528,21.99,2.3
413,Saint-Augustin,100,CA,1617938615,97,51.226,-58.6502,33.17,3.04
414,Yerbogachën,98,RU,1617938615,72,61.2767,108.0108,16.47,10.31
415,Santa,12,PH,1617938540,47,17.486,120.4348,89.08,7.99
416,Little,1,US,1617938616,30,35.3481,-96.672,66.2,12.37
417,Ligayan,69,PH,1617938617,71,4.6533,119.4706,82.0,3.83
418,Thinadhoo,14,MV,1617938474,65,0.5333,72.9333,82.47,9.33
419,Meadow,1,US,1617938618,22,45.5291,-102.2163,53.6,10.36
420,Privodino,100,RU,1617938618,96,61.0781,46.5044,33.1,13.8
421,Bambous,40,MU,1617938619,78,-20.2567,57.4061,78.8,8.05
422,Ostrovnoy,100,RU,1617938619,99,68.0531,39.5131,33.04,6.31
423,Valentin,100,RU,1617938620,41,43.1214,134.3036,41.92,6.44
424,Mumford,100,GH,1617938620,86,5.2618,-0.759,80.58,10.45
425,Sur,0,OM,1617938621,40,22.5667,59.5289,80.94,6.78
426,Araripina,88,BR,1617938583,57,-7.5761,-40.4983,76.3,10.94
427,Vostok,100,RU,1617938622,64,46.4856,135.8833,31.51,6.46
428,Roald,90,NO,1617938622,81,62.5833,6.1333,37.4,6.91
429,Baijiantan,14,CN,1617938622,41,45.6333,85.1833,61.02,5.55
430,Sambava,22,MG,1617938623,88,-14.2667,50.1667,74.1,7.7
431,Ishigaki,75,JP,1617938623,61,24.3448,124.1572,77.0,9.22
432,Buraidah,28,SA,1617938624,40,26.326,43.975,73.4,3.44
433,Kilindoni,48,TZ,1617938624,80,-7.9139,39.6668,79.34,14.29
434,Kamenz,0,DE,1617938624,64,51.268,14.0937,33.8,13.8
435,Buchanan,36,LR,1617938625,87,5.8808,-10.0467,79.38,4.5
436,Semey,0,KZ,1617938592,76,50.4111,80.2275,46.4,11.18
437,Chino,40,US,1617938615,63,34.0122,-117.6889,66.2,6.91
438,Melendugno,0,IT,1617938408,100,40.2747,18.3368,33.8,11.18
439,Yukamenskoye,99,RU,1617938626,91,57.8865,52.2416,33.04,8.9
440,Malé,20,MV,1617938626,79,4.1748,73.5089,86.0,8.05
441,Faanui,21,PF,1617938627,69,-16.4833,-151.75,82.0,7.81
442,Guánica,100,PR,1617938627,92,17.9716,-66.908,73.99,4.79
443,Luau,100,AO,1617938627,94,-10.7073,22.2247,63.52,3.4
444,Tiarei,40,PF,1617938628,70,-17.5333,-149.3333,84.2,10.36
445,Sabang,34,ID,1617938628,69,5.8933,95.3214,82.44,1.57
446,Mareeba,99,AU,1617938629,66,-17.0,145.4333,90.0,9.22
447,Gouré,3,NE,1617938526,7,13.9835,10.2704,77.4,9.89
448,Miranda,75,CO,1617938629,78,3.2499,-76.2281,73.4,6.91
449,Olafsvik,1,IS,1617938630,52,64.8945,-23.7142,25.34,11.12
450,Kirillov,75,RU,1617938630,93,59.863,38.3813,32.0,4.47
451,Mongar,75,BT,1617938631,46,27.2747,91.2396,67.12,2.66
452,Marzuq,64,YE,1617938631,16,14.4,46.4667,65.57,4.68
453,San,23,ML,1617938632,9,13.3034,-4.8956,84.67,9.08
454,Oltu,79,TR,1617938632,66,40.5498,42.0013,50.5,5.39
455,Tegul'det,85,RU,1617938633,79,57.3064,88.1667,36.05,4.23
456,Evanston,90,US,1617938453,76,42.0411,-87.6901,53.01,6.91
457,Maxixe,5,MZ,1617938633,87,-23.8597,35.3472,69.8,5.55
458,Rio,0,GR,1617938634,49,38.3,21.7833,46.0,11.1
459,Bayanday,67,RU,1617938634,58,53.0661,105.5139,38.3,6.17
460,Dudinka,9,RU,1617938634,91,69.4058,86.1778,4.96,2.68
461,Karasburg,0,NA,1617938478,36,-28.0167,18.75,73.33,7.65
462,Takoradze,100,GH,1617938635,86,4.8845,-1.7554,79.84,7.92
463,Barcelos,0,PT,1617938367,82,41.5388,-8.6151,54.0,4.61
464,Hervey,1,US,1617938636,45,33.4982,-93.7771,68.0,4.61
465,Camocim,100,BR,1617938636,87,-2.9022,-40.8411,77.16,11.54
466,Codrington,75,AU,1617938637,54,-38.2667,141.9667,60.94,14.54
467,Santa Cruz,75,MA,1617938637,88,30.4202,-9.5982,57.2,5.75
468,Usogorsk,100,RU,1617938638,89,63.4106,48.6872,34.3,15.12
469,San,23,ML,1617938423,9,13.3034,-4.8956,84.67,9.08
470,Bengkulu,43,ID,1617938638,65,-3.8004,102.2655,83.84,8.43
471,Half,58,LR,1617938639,91,6.3807,-10.6953,78.62,4.09
472,Plettenberg,100,DE,1617938639,83,51.2167,7.8833,37.99,5.08
473,Alofi,75,NU,1617938640,74,-19.0595,-169.9187,80.6,6.91
474,Nālūt,3,LY,1617938640,68,30.3333,10.85,54.82,18.14
475,Liancheng,100,CN,1617938641,90,24.0519,105.075,58.14,4.27
476,Aquidauana,26,BR,1617938524,71,-20.4711,-55.7872,74.61,3.94
477,Lompoc,67,US,1617938358,82,34.6391,-120.4579,51.8,13.8
478,Lokvine,0,BA,1617938641,86,44.2047,17.8564,26.01,2.71
479,Lárdos,40,GR,1617938642,62,36.0942,28.0157,53.6,19.57
480,Blagoyevo,100,RU,1617938642,96,63.3667,47.9167,33.58,14.16
481,Port-Gentil,100,GA,1617938643,78,-0.7193,8.7815,81.39,9.35
482,Belmonte,20,BR,1617938643,69,-15.8631,-38.8828,78.8,5.75
483,Kyzyl-Suu,51,KG,1617938644,51,42.3414,78.0056,41.74,1.48
484,Amapá,100,BR,1617938644,98,1.0,-52.0,71.38,2.06
485,Puqi,2,CN,1617938644,61,29.7167,113.8833,63.72,10.36
486,Leningradskiy,15,RU,1617938645,88,69.3833,178.4167,-2.94,2.59
487,Arlit,28,NE,1617938645,7,18.7369,7.3853,80.91,7.27
488,Pirdop,31,BG,1617938646,77,42.7,24.1833,34.0,1.01
489,Yarmouth,1,US,1617938646,87,41.7057,-70.2286,42.8,3.4
490,Gornopravdinsk,44,RU,1617938647,87,60.05,69.9,34.09,8.63
491,Abonnema,100,NG,1617938647,85,4.7084,6.7931,79.72,8.55
492,Fare,16,PF,1617938647,71,-16.7,-151.0167,82.08,6.69
493,Argelia,100,CO,1617938648,97,2.2556,-77.2488,66.47,1.99
494,Hamilton,90,US,1617938421,82,39.1834,-84.5333,61.0,6.91
495,Koslan,99,RU,1617938648,88,63.4564,48.8989,34.18,15.28
496,Sawtell,44,AU,1617938649,61,-30.3833,153.1,81.0,11.5
497,Alyangula,73,AU,1617938649,51,-13.8483,136.4192,89.6,10.36
498,Weihe,100,CN,1617938650,95,32.9952,105.3247,48.33,1.97
499,Bartica,40,GY,1617938650,94,6.4,-58.6167,77.0,4.61
500,Rockland,37,US,1617938651,71,41.1668,-74.0496,55.0,6.38
501,Rio,0,GR,1617938651,49,38.3,21.7833,46.0,11.1
502,Coos,10,US,1617938651,89,43.1665,-124.0015,46.0,2.77
503,Sittwe,50,MM,1617938652,68,20.15,92.9,83.07,4.14
504,Morgan,90,US,1617938652,100,39.7167,-90.2168,50.0,13.8
505,Badarwās,0,IN,1617938653,12,24.9667,77.5667,84.97,12.44
506,Santa,12,PH,1617938540,47,17.486,120.4348,89.08,7.99
507,Kieta,100,PG,1617938653,95,-6.2167,155.6333,78.33,13.27
508,Tiznit Province,100,MA,1617938654,71,29.5833,-9.5,55.13,4.74
509,Bakchar,81,RU,1617938654,96,57.0186,82.0711,32.14,4.92
510,Vélez-Málaga,100,ES,1617938654,98,36.7726,-4.1005,53.01,2.68
511,Ketchikan,90,US,1617938655,100,55.3422,-131.6461,37.4,26.46
512,Rongcheng,0,CN,1617938656,43,30.634,117.8517,63.99,8.93
513,Smithers,90,CA,1617938657,69,54.7804,-127.1743,33.8,9.22
514,Guanhães,100,BR,1617938657,95,-18.775,-42.9325,59.0,4.12
515,Muhos,0,FI,1617938658,93,64.808,25.9931,24.8,6.91
516,Fort,100,NL,1617938658,72,52.6517,6.3861,41.0,1.99
517,El Puerto de Santa María,40,ES,1617938658,72,36.5939,-6.233,57.99,12.66
518,Honningsvåg,40,NO,1617938659,69,70.9821,25.9704,33.8,13.8
519,Sao,7,IN,1617938533,21,20.5113,76.2129,84.81,13.62
520,Crotone,0,IT,1617938587,80,39.0851,17.1178,39.0,12.66
521,Saint-Pierre,0,RE,1617938660,73,-21.3393,55.4781,77.0,5.75
522,Biri,96,PH,1617938598,72,12.6833,124.3636,81.37,10.8
523,Hobyo,47,SO,1617938660,72,5.3505,48.5268,80.71,9.8
524,Acuautla,2,MX,1617938661,74,20.4903,-98.0336,70.18,4.7
525,Sinnamary,99,GF,1617938661,89,5.3833,-52.95,75.79,5.7
526,Illintsi,0,UA,1617938661,93,49.1048,29.2177,30.2,6.71
527,Akureyri,90,IS,1617938363,46,65.6835,-18.0878,24.8,9.22
528,Alexandria,0,EG,1617938662,77,31.2156,29.9553,62.6,11.5
529,San,23,ML,1617938434,9,13.3034,-4.8956,84.67,9.08
530,Bukachacha,96,RU,1617938663,28,52.9833,116.9167,52.7,6.4
531,Kristinestad,97,FI,1617938663,81,62.2743,21.376,33.51,17.02
532,Hasaki,20,JP,1617938663,33,35.7333,140.8333,62.6,8.05
533,Alice,40,US,1617938664,94,27.7523,-98.0697,75.2,13.8
534,Zafra,100,ES,1617938664,81,38.4167,-6.4167,57.0,5.01
535,Kānker,15,IN,1617938665,24,20.2719,81.4931,92.91,5.23
536,Campestre,0,BR,1617938665,93,-21.7111,-46.2464,54.34,4.38
537,Arrondissement de Saint-Denis,0,FR,1617938666,75,48.9167,2.3333,42.01,5.75
538,Severnyy,0,RU,1617938666,86,50.677,36.5532,30.2,4.47
539,Warrington,90,GB,1617938667,93,53.3925,-2.5802,44.6,9.22
540,Albenga,20,IT,1617938667,71,44.0529,8.216,48.99,10.36
541,Verkhnevilyuysk,100,RU,1617938667,84,63.4453,120.3167,21.27,8.1
542,Yaan,97,NG,1617938668,79,7.3833,8.5667,80.24,10.89
543,Qasigiannguit,90,GL,1617938668,93,68.8193,-51.1922,32.0,6.91
544,Imbituba,20,BR,1617938669,94,-28.24,-48.6703,69.8,4.61
545,Ubari,0,LY,1617938669,32,26.5921,12.7805,63.75,18.37
546,Marfino,20,RU,1617938669,93,55.7028,37.3822,34.0,8.95
547,Bilibino,19,RU,1617938670,68,68.0546,166.4372,8.74,3.27
548,Baraboo,90,US,1617938670,100,43.4711,-89.7443,51.01,6.91
549,Atbasar,100,KZ,1617938671,86,51.8,68.3333,33.37,7.4
550,Xuzhou,8,CN,1617938671,41,34.1805,117.1571,65.68,7.23
551,Ararat,54,AM,1617938671,44,39.8317,44.7049,55.4,6.91
552,Kholm,34,RU,1617938672,86,59.2667,32.85,27.07,7.58
553,Newport,100,GB,1617938672,89,51.5877,-2.9984,45.0,1.01
554,Salisbury,90,GB,1617938560,87,51.0693,-1.7957,41.0,4.61
555,Beyneu,0,KZ,1617938673,57,45.3167,55.2,55.9,15.68
556,Chapais,90,CA,1617938673,81,49.7834,-74.8492,44.6,6.91
557,Bodden,75,GB,1617938674,87,51.1954,-2.5161,41.0,4.61
558,Fortuna,1,US,1617938674,81,40.5982,-124.1573,48.0,8.05
559,Punta,89,PH,1617938675,65,8.9897,125.34,84.36,5.79
560,Bjørnevatn,20,NO,1617938675,79,69.6672,29.9847,21.2,11.5
561,Kungurtug,44,RU,1617938675,72,50.5994,97.5228,35.51,1.05
562,Vanimo,98,PG,1617938676,66,-2.6741,141.3028,86.36,8.46
563,Lewistown,40,US,1617938676,55,40.5992,-77.5714,60.8,11.5
564,Søgne,20,NO,1617938677,81,58.0833,7.8167,41.0,16.11
565,Taltal,69,CL,1617938677,80,-25.4,-70.4833,65.89,4.99
566,Mitzic,100,GA,1617938677,98,0.7821,11.549,68.97,0.6
567,Manali,40,IN,1617938678,65,13.1667,80.2667,84.2,5.75
568,Kaihua,97,CN,1617938678,79,23.3687,104.28,65.21,11.12
569,Pirovskoye,99,RU,1617938679,89,57.6267,92.2658,34.72,5.3
570,Luzilândia,100,BR,1617938679,97,-3.4578,-42.3703,73.67,3.91
